Workbook

Sheet Dashboard
A1: DSA Practice Dashboard
A3: Pattern | B3: Total | C3: Tried | D3: Solved | E3: Remaining | F3: Progress % | G3: Easy | H3: Medium
A4: Backtracking | B4: =COUNTIF(Data_All!$A:$A, A4) -> 10 | C4: 10 | D4: 10 | E4: =B4-D4 -> 0 | F4: =IFERROR(D4/B4,0) -> 1 | G4: =COUNTIFS(Data_All!$A:$A, A4, Data_All!$C:$C, "Easy") -> 0 | H4: =COUNTIFS(Data_All!$A:$A, A4, Data_All!$C:$C, "Medium") -> 10
A5: Binary Tree Traversal | B5: =COUNTIF(Data_All!$A:$A, A5) -> 10 | C5: 10 | D5: 10 | E5: =B5-D5 -> 0 | F5: =IFERROR(D5/B5,0) -> 1 | G5: =COUNTIFS(Data_All!$A:$A, A5, Data_All!$C:$C, "Easy") -> 6 | H5: =COUNTIFS(Data_All!$A:$A, A5, Data_All!$C:$C, "Medium") -> 4
A6: Breadth-First Search (BFS) | B6: =COUNTIF(Data_All!$A:$A, A6) -> 10 | C6: 10 | D6: 10 | E6: =B6-D6 -> 0 | F6: =IFERROR(D6/B6,0) -> 1 | G6: =COUNTIFS(Data_All!$A:$A, A6, Data_All!$C:$C, "Easy") -> 1 | H6: =COUNTIFS(Data_All!$A:$A, A6, Data_All!$C:$C, "Medium") -> 9
A7: Depth-First Search (DFS) | B7: =COUNTIF(Data_All!$A:$A, A7) -> 10 | C7: 10 | D7: 10 | E7: 0 | F7: =IFERROR(D7/B7,0) -> 1 | G7: =COUNTIFS(Data_All!$A:$A, A7, Data_All!$C:$C, "Easy") -> 3 | H7: =COUNTIFS(Data_All!$A:$A, A7, Data_All!$C:$C, "Medium") -> 7
A8: Dynamic Programming | B8: =COUNTIF(Data_All!$A:$A, A8) -> 10 | C8: 10 | D8: 10 | E8: =B8-D8 -> 0 | F8: =IFERROR(D8/B8,0) -> 1 | G8: =COUNTIFS(Data_All!$A:$A, A8, Data_All!$C:$C, "Easy") -> 2 | H8: =COUNTIFS(Data_All!$A:$A, A8, Data_All!$C:$C, "Medium") -> 8
A9: Fast & Slow Pointers | B9: =COUNTIF(Data_All!$A:$A, A9) -> 10 | C9: =COUNTIFS(Data_All!$A:$A, A9, Data_All!$E:$E, "Yes") -> 0 | D9: =COUNTIFS(Data_All!$A:$A, A9, Data_All!$F:$F, "Yes") -> 0 | E9: =B9-D9 -> 10 | F9: =IFERROR(D9/B9,0) -> 0 | G9: =COUNTIFS(Data_All!$A:$A, A9, Data_All!$C:$C, "Easy") -> 4 | H9: =COUNTIFS(Data_All!$A:$A, A9, Data_All!$C:$C, "Medium") -> 6
A10: LinkedList In-place Reversal | B10: =COUNTIF(Data_All!$A:$A, A10) -> 10 | C10: =COUNTIFS(Data_All!$A:$A, A10, Data_All!$E:$E, "Yes") -> 0 | D10: =COUNTIFS(Data_All!$A:$A, A10, Data_All!$F:$F, "Yes") -> 0 | E10: =B10-D10 -> 10 | F10: =IFERROR(D10/B10,0) -> 0 | G10: =COUNTIFS(Data_All!$A:$A, A10, Data_All!$C:$C, "Easy") -> 1 | H10: =COUNTIFS(Data_All!$A:$A, A10, Data_All!$C:$C, "Medium") -> 9
A11: Matrix Traversal | B11: =COUNTIF(Data_All!$A:$A, A11) -> 10 | C11: =COUNTIFS(Data_All!$A:$A, A11, Data_All!$E:$E, "Yes") -> 0 | D11: =COUNTIFS(Data_All!$A:$A, A11, Data_All!$F:$F, "Yes") -> 0 | E11: =B11-D11 -> 10 | F11: =IFERROR(D11/B11,0) -> 0 | G11: =COUNTIFS(Data_All!$A:$A, A11, Data_All!$C:$C, "Easy") -> 3 | H11: =COUNTIFS(Data_All!$A:$A, A11, Data_All!$C:$C, "Medium") -> 7
A12: Modified Binary Search | B12: =COUNTIF(Data_All!$A:$A, A12) -> 10 | C12: =COUNTIFS(Data_All!$A:$A, A12, Data_All!$E:$E, "Yes") -> 0 | D12: =COUNTIFS(Data_All!$A:$A, A12, Data_All!$F:$F, "Yes") -> 0 | E12: =B12-D12 -> 10 | F12: =IFERROR(D12/B12,0) -> 0 | G12: =COUNTIFS(Data_All!$A:$A, A12, Data_All!$C:$C, "Easy") -> 3 | H12: =COUNTIFS(Data_All!$A:$A, A12, Data_All!$C:$C, "Medium") -> 7
A13: Monotonic Stack | B13: =COUNTIF(Data_All!$A:$A, A13) -> 10 | C13: =COUNTIFS(Data_All!$A:$A, A13, Data_All!$E:$E, "Yes") -> 0 | D13: =COUNTIFS(Data_All!$A:$A, A13, Data_All!$F:$F, "Yes") -> 0 | E13: =B13-D13 -> 10 | F13: =IFERROR(D13/B13,0) -> 0 | G13: =COUNTIFS(Data_All!$A:$A, A13, Data_All!$C:$C, "Easy") -> 2 | H13: =COUNTIFS(Data_All!$A:$A, A13, Data_All!$C:$C, "Medium") -> 8
A14: Overlapping Intervals | B14: =COUNTIF(Data_All!$A:$A, A14) -> 10 | C14: =COUNTIFS(Data_All!$A:$A, A14, Data_All!$E:$E, "Yes") -> 0 | D14: =COUNTIFS(Data_All!$A:$A, A14, Data_All!$F:$F, "Yes") -> 0 | E14: =B14-D14 -> 10 | F14: =IFERROR(D14/B14,0) -> 0 | G14: =COUNTIFS(Data_All!$A:$A, A14, Data_All!$C:$C, "Easy") -> 2 | H14: =COUNTIFS(Data_All!$A:$A, A14, Data_All!$C:$C, "Medium") -> 8
A15: Prefix Sum | B15: =COUNTIF(Data_All!$A:$A, A15) -> 10 | C15: =COUNTIFS(Data_All!$A:$A, A15, Data_All!$E:$E, "Yes") -> 0 | D15: =COUNTIFS(Data_All!$A:$A, A15, Data_All!$F:$F, "Yes") -> 0 | E15: =B15-D15 -> 10 | F15: =IFERROR(D15/B15,0) -> 0 | G15: =COUNTIFS(Data_All!$A:$A, A15, Data_All!$C:$C, "Easy") -> 7 | H15: =COUNTIFS(Data_All!$A:$A, A15, Data_All!$C:$C, "Medium") -> 3
A16: Sliding Window | B16: =COUNTIF(Data_All!$A:$A, A16) -> 10 | C16: =COUNTIFS(Data_All!$A:$A, A16, Data_All!$E:$E, "Yes") -> 0 | D16: =COUNTIFS(Data_All!$A:$A, A16, Data_All!$F:$F, "Yes") -> 0 | E16: =B16-D16 -> 10 | F16: =IFERROR(D16/B16,0) -> 0 | G16: =COUNTIFS(Data_All!$A:$A, A16, Data_All!$C:$C, "Easy") -> 0 | H16: =COUNTIFS(Data_All!$A:$A, A16, Data_All!$C:$C, "Medium") -> 10
A17: Top K Elements | B17: =COUNTIF(Data_All!$A:$A, A17) -> 10 | C17: =COUNTIFS(Data_All!$A:$A, A17, Data_All!$E:$E, "Yes") -> 0 | D17: =COUNTIFS(Data_All!$A:$A, A17, Data_All!$F:$F, "Yes") -> 0 | E17: =B17-D17 -> 10 | F17: =IFERROR(D17/B17,0) -> 0 | G17: =COUNTIFS(Data_All!$A:$A, A17, Data_All!$C:$C, "Easy") -> 2 | H17: =COUNTIFS(Data_All!$A:$A, A17, Data_All!$C:$C, "Medium") -> 8
A18: Two Pointers | B18: =COUNTIF(Data_All!$A:$A, A18) -> 10 | C18: =COUNTIFS(Data_All!$A:$A, A18, Data_All!$E:$E, "Yes") -> 0 | D18: =COUNTIFS(Data_All!$A:$A, A18, Data_All!$F:$F, "Yes") -> 0 | E18: =B18-D18 -> 10 | F18: =IFERROR(D18/B18,0) -> 0 | G18: =COUNTIFS(Data_All!$A:$A, A18, Data_All!$C:$C, "Easy") -> 5 | H18: =COUNTIFS(Data_All!$A:$A, A18, Data_All!$C:$C, "Medium") -> 5

Sheet Overview
A1: Pattern | B1: Easy | C1: Medium | D1: Total
A2: Backtracking | B2: 0 | C2: 10 | D2: 10
A3: Binary Tree Traversal | B3: 6 | C3: 4 | D3: 10
A4: Breadth-First Search (BFS) | B4: 1 | C4: 9 | D4: 10
A5: Depth-First Search (DFS) | B5: 3 | C5: 7 | D5: 10
A6: Dynamic Programming | B6: 2 | C6: 8 | D6: 10
A7: Fast & Slow Pointers | B7: 4 | C7: 6 | D7: 10
A8: LinkedList In-place Reversal | B8: 1 | C8: 9 | D8: 10
A9: Matrix Traversal | B9: 3 | C9: 7 | D9: 10
A10: Modified Binary Search | B10: 3 | C10: 7 | D10: 10
A11: Monotonic Stack | B11: 2 | C11: 8 | D11: 10
A12: Overlapping Intervals | B12: 2 | C12: 8 | D12: 10
A13: Prefix Sum | B13: 7 | C13: 3 | D13: 10
... A16: Two Pointers | B16: 5 | C16: 5 | D16: 10

Sheet Backtracking
A1: Pattern | B1: Problem | C1: Difficulty | D1: Link | E1: Tried | F1: Solved | G1: Notes
A2: Backtracking | B2: Subsets | C2: Medium | D2: https://leetcode.com/problems/subsets/ | E2: Yes | F2: Yes
A3: Backtracking | B3: Subsets II | C3: Medium | D3: https://leetcode.com/problems/subsets-ii/ | E3: Yes | F3: Yes
A4: Backtracking | B4: Permutations | C4: Medium | D4: https://leetcode.com/problems/permutations/ | E4: Yes | F4: Yes
A5: Backtracking | B5: Permutations II | C5: Medium | D5: https://leetcode.com/problems/permutations-ii/ | E5: Yes | F5: Yes
A6: Backtracking | B6: Combination Sum | C6: Medium | D6: https://leetcode.com/problems/combination-sum/ | E6: Yes | F6: Yes
A7: Backtracking | B7: Combination Sum II | C7: Medium | D7: https://leetcode.com/problems/combination-sum-ii/ | E7: Yes | F7: Yes
A8: Backtracking | B8: Letter Combinations of a Phone Number | C8: Medium | D8: https://leetcode.com/problems/letter-combinations-of-a-phone-number/ | E8: Yes | F8: Yes
A9: Backtracking | B9: Combinations | C9: Medium | D9: https://leetcode.com/problems/combinations/ | E9: Yes | F9: Yes
A10: Backtracking | B10: Generate Parentheses | C10: Medium | D10: https://leetcode.com/problems/generate-parentheses/ | E10: Yes | F10: Yes
A11: Backtracking | B11: Word Search | C11: Medium | D11: https://leetcode.com/problems/word-search/ | E11: Yes | F11: Yes

Sheet Binary Tree Traversal
A1: Pattern | B1: Problem | C1: Difficulty | D1: Link | E1: Tried | F1: Solved | G1: Notes
A2: Binary Tree Traversal | B2: Binary Tree Inorder Traversal | C2: Easy | D2: https://leetcode.com/problems/binary-tree-inorder-traversal/ | E2: Yes | F2: Yes
A3: Binary Tree Traversal | B3: Binary Tree Preorder Traversal | C3: Easy | D3: https://leetcode.com/problems/binary-tree-preorder-traversal/ | E3: Yes | F3: Yes
A4: Binary Tree Traversal | B4: Binary Tree Postorder Traversal | C4: Easy | D4: https://leetcode.com/problems/binary-tree-postorder-traversal/ | E4: Yes | F4: Yes
A5: Binary Tree Traversal | B5: Binary Tree Level Order Traversal | C5: Medium | D5: https://leetcode.com/problems/binary-tree-level-order-traversal/ | E5: Yes | F5: Yes
A6: Binary Tree Traversal | B6: Binary Tree Level Order Traversal II | C6: Medium | D6: https://leetcode.com/problems/binary-tree-level-order-traversal-ii/ | E6: Yes | F6: Yes
A7: Binary Tree Traversal | B7: Binary Tree Zigzag Level Order Traversal | C7: Medium | D7: https://leetcode.com/problems/binary-tree-zigzag-level-order-traversal/ | E7: Yes | F7: Yes
A8: Binary Tree Traversal | B8: Maximum Depth of Binary Tree | C8: Easy | D8: https://leetcode.com/problems/maximum-depth-of-binary-tree/ | E8: Yes | F8: Yes
A9: Binary Tree Traversal | B9: Average of Levels in Binary Tree | C9: Easy | D9: https://leetcode.com/problems/average-of-levels-in-binary-tree/ | E9: Yes | F9: Yes
A10: Binary Tree Traversal | B10: Binary Tree Right Side View | C10: Medium | D10: https://leetcode.com/problems/binary-tree-right-side-view/ | E10: Yes | F10: Yes
A11: Binary Tree Traversal | B11: Symmetric Tree | C11: Easy | D11: https://leetcode.com/problems/symmetric-tree/ | E11: Yes | F11: Yes

Sheet Breadth-First Search (BFS)
A1: Pattern | B1: Problem | C1: Difficulty | D1: Link | E1: Tried | F1: Solved | G1: Notes
A2: Breadth-First Search (BFS) | B2: Minimum Depth of Binary Tree | C2: Easy | D2: https://leetcode.com/problems/minimum-depth-of-binary-tree/ | E2: Yes | F2: Yes
A3: Breadth-First Search (BFS) | B3: Rotting Oranges | C3: Medium | D3: https://leetcode.com/problems/rotting-oranges/ | E3: Yes | F3: Yes
A4: Breadth-First Search (BFS) | B4: Open the Lock | C4: Medium | D4: https://leetcode.com/problems/open-the-lock/ | E4: Yes | F4: Yes
A5: Breadth-First Search (BFS) | B5: Shortest Path in Binary Matrix | C5: Medium | D5: https://leetcode.com/problems/shortest-path-in-binary-matrix/ | E5: Yes | F5: Yes
A6: Breadth-First Search (BFS) | B6: Perfect Squares | C6: Medium | D6: https://leetcode.com/problems/perfect-squares/ | E6: Yes | F6: Yes
A7: Breadth-First Search (BFS) | B7: 01 Matrix | C7: Medium | D7: https://leetcode.com/problems/01-matrix/ | E7: Yes | F7: Yes
A8: Breadth-First Search (BFS) | B8: Keys and Rooms | C8: Medium | D8: https://leetcode.com/problems/keys-and-rooms/ | E8: Yes | F8: Yes
A9: Breadth-First Search (BFS) | B9: Network Delay Time | C9: Medium | D9: https://leetcode.com/problems/network-delay-time/ | E9: Yes | F9: Yes
A10: Breadth-First Search (BFS) | B10: Course Schedule | C10: Medium | D10: https://leetcode.com/problems/course-schedule/ | E10: Yes | F10: Yes
A11: Breadth-First Search (BFS) | B11: As Far from Land as Possible | C11: Medium | D11: https://leetcode.com/problems/as-far-from-land-as-possible/ | E11: Yes | F11: Yes

Sheet Depth-First Search (DFS)
A1: Pattern | B1: Problem | C1: Difficulty | D1: Link | E1: Tried | F1: Solved | G1: Notes
A2: Depth-First Search (DFS) | B2: Number of Islands | C2: Medium | D2: https://leetcode.com/problems/number-of-islands/ | E2: Yes | F2: Yes
A3: Depth-First Search (DFS) | B3: Max Area of Island | C3: Medium | D3: https://leetcode.com/problems/max-area-of-island/ | E3: Yes | F3: Yes
A4: Depth-First Search (DFS) | B4: Flood Fill | C4: Easy | D4: https://leetcode.com/problems/flood-fill/ | E4: Yes | F4: Yes
A5: Depth-First Search (DFS) | B5: Pacific Atlantic Water Flow | C5: Medium | D5: https://leetcode.com/problems/pacific-atlantic-water-flow/ | E5: Yes | F5: Yes
A6: Depth-First Search (DFS) | B6: Path Sum | C6: Easy | D6: https://leetcode.com/problems/path-sum/ | E6: Yes | F6: Yes
A7: Depth-First Search (DFS) | B7: Path Sum II | C7: Medium | D7: https://leetcode.com/problems/path-sum-ii/ | E7: Yes | F7: Yes
A8: Depth-First Search (DFS) | B8: Clone Graph | C8: Medium | D8: https://leetcode.com/problems/clone-graph/ | E8: Yes | F8: Yes
A9: Depth-First Search (DFS) | B9: Is Graph Bipartite? | C9: Medium | D9: https://leetcode.com/problems/is-graph-bipartite/ | E9: Yes | F9: Yes
A10: Depth-First Search (DFS) | B10: Island Perimeter | C10: Easy | D10: https://leetcode.com/problems/island-perimeter/ | E10: Yes | F10: Yes
A11: Depth-First Search (DFS) | B11: Surrounded Regions | C11: Medium | D11: https://leetcode.com/problems/surrounded-regions/ | E11: Yes | F11: Yes

Sheet Dynamic Programming
A1: Pattern | B1: Problem | C1: Difficulty | D1: Link | E1: Tried | F1: Solved | G1: Notes
A2: Dynamic Programming | B2: Climbing Stairs | C2: Easy | D2: https://leetcode.com/problems/climbing-stairs/ | E2: Yes | F2: Yes
A3: Dynamic Programming | B3: Min Cost Climbing Stairs | C3: Easy | D3: https://leetcode.com/problems/min-cost-climbing-stairs/ | E3: Yes | F3: Yes
A4: Dynamic Programming | B4: House Robber | C4: Medium | D4: https://leetcode.com/problems/house-robber/ | E4: Yes | F4: Yes
A5: Dynamic Programming | B5: House Robber II | C5: Medium | D5: https://leetcode.com/problems/house-robber-ii/ | E5: Yes | F5: Yes
A6: Dynamic Programming | B6: Coin Change | C6: Medium | D6: https://leetcode.com/problems/coin-change/ | E6: Yes | F6: Yes
A7: Dynamic Programming | B7: Longest Increasing Subsequence | C7: Medium | D7: https://leetcode.com/problems/longest-increasing-subsequence/ | E7: Yes | G7: need to be visited again
A8: Dynamic Programming | B8: Unique Paths | C8: Medium | D8: https://leetcode.com/problems/unique-paths/ | E8: Yes | F8: Yes
A9: Dynamic Programming | B9: Unique Paths II | C9: Medium | D9: https://leetcode.com/problems/unique-paths-ii/ | E9: Yes | F9: Yes
A10: Dynamic Programming | B10: Maximum Subarray | C10: Medium | D10: https://leetcode.com/problems/maximum-subarray/ | E10: Yes | F10: Yes
A11: Dynamic Programming | B11: Partition Equal Subset Sum | C11: Medium | D11: https://leetcode.com/problems/partition-equal-subset-sum/ | E11: Yes

Sheet Fast & Slow Pointers
A1: Pattern | B1: Problem | C1: Difficulty | D1: Link | E1: Tried | F1: Solved | G1: Notes
A2: Fast & Slow Pointers | B2: Linked List Cycle | C2: Easy | D2: https://leetcode.com/problems/linked-list-cycle/ | E2: Yes | F2: Yes
A3: Fast & Slow Pointers | B3: Linked List Cycle II | C3: Medium | D3: https://leetcode.com/problems/linked-list-cycle-ii/ | E3: Yes | F3: Yes
A4: Fast & Slow Pointers | B4: Middle of the Linked List | C4: Easy | D4: https://leetcode.com/problems/middle-of-the-linked-list/ | E4: Yes | F4: Yes
A5: Fast & Slow Pointers | B5: Remove Nth Node From End of List | C5: Medium | D5: https://leetcode.com/problems/remove-nth-node-from-end-of-list/ | E5: Yes | F5: Yes
A6: Fast & Slow Pointers | B6: Palindrome Linked List | C6: Easy | D6: https://leetcode.com/problems/palindrome-linked-list/ | E6: Yes | F6: Yes
A7: Fast & Slow Pointers | B7: Happy Number | C7: Easy | D7: https://leetcode.com/problems/happy-number/ | E7: Yes | F7: Yes
A8: Fast & Slow Pointers | B8: Reorder List | C8: Medium | D8: https://leetcode.com/problems/reorder-list/ | E8: Yes | F8: Yes
A9: Fast & Slow Pointers | B9: Find the Duplicate Number | C9: Medium | D9: https://leetcode.com/problems/find-the-duplicate-number/ | E9: Yes | F9: Yes
A10: Fast & Slow Pointers | B10: Circular Array Loop | C10: Medium | D10: https://leetcode.com/problems/circular-array-loop/ | E10: Yes | F10: Yes
A11: Fast & Slow Pointers | B11: Maximum Twin Sum of a Linked List | C11: Medium | D11: https://leetcode.com/problems/maximum-twin-sum-of-a-linked-list/ | E11: Yes | F11: Yes

Sheet LinkedList In-place Reversal
A1: Pattern | B1: Problem | C1: Difficulty | D1: Link | E1: Tried | F1: Solved | G1: Notes
A2: LinkedList In-place Reversal | B2: Reverse Linked List | C2: Easy | D2: https://leetcode.com/problems/reverse-linked-list/
A3: LinkedList In-place Reversal | B3: Reverse Linked List II | C3: Medium | D3: https://leetcode.com/problems/reverse-linked-list-ii/
A4: LinkedList In-place Reversal | B4: Swap Nodes in Pairs | C4: Medium | D4: https://leetcode.com/problems/swap-nodes-in-pairs/
A5: LinkedList In-place Reversal | B5: Rotate List | C5: Medium | D5: https://leetcode.com/problems/rotate-list/
A6: LinkedList In-place Reversal | B6: Odd Even Linked List | C6: Medium | D6: https://leetcode.com/problems/odd-even-linked-list/
A7: LinkedList In-place Reversal | B7: Partition List | C7: Medium | D7: https://leetcode.com/problems/partition-list/
A8: LinkedList In-place Reversal | B8: Reverse Nodes in Even Length Groups | C8: Medium | D8: https://leetcode.com/problems/reverse-nodes-in-even-length-groups/
A9: LinkedList In-place Reversal | B9: Swapping Nodes in a Linked List | C9: Medium | D9: https://leetcode.com/problems/swapping-nodes-in-a-linked-list/
A10: LinkedList In-place Reversal | B10: Flatten a Multilevel Doubly Linked List | C10: Medium | D10: https://leetcode.com/problems/flatten-a-multilevel-doubly-linked-list/
A11: LinkedList In-place Reversal | B11: Split Linked List in Parts | C11: Medium | D11: https://leetcode.com/problems/split-linked-list-in-parts/

Sheet Matrix Traversal
A1: Pattern | B1: Problem | C1: Difficulty | D1: Link | E1: Tried | F1: Solved | G1: Notes
A2: Matrix Traversal | B2: Spiral Matrix | C2: Medium | D2: https://leetcode.com/problems/spiral-matrix/
A3: Matrix Traversal | B3: Spiral Matrix II | C3: Medium | D3: https://leetcode.com/problems/spiral-matrix-ii/
A4: Matrix Traversal | B4: Diagonal Traverse | C4: Medium | D4: https://leetcode.com/problems/diagonal-traverse/
A5: Matrix Traversal | B5: Set Matrix Zeroes | C5: Medium | D5: https://leetcode.com/problems/set-matrix-zeroes/
A6: Matrix Traversal | B6: Search a 2D Matrix | C6: Medium | D6: https://leetcode.com/problems/search-a-2d-matrix/
A7: Matrix Traversal | B7: Search a 2D Matrix II | C7: Medium | D7: https://leetcode.com/problems/search-a-2d-matrix-ii/
A8: Matrix Traversal | B8: Toeplitz Matrix | C8: Easy | D8: https://leetcode.com/problems/toeplitz-matrix/
A9: Matrix Traversal | B9: Transpose Matrix | C9: Easy | D9: https://leetcode.com/problems/transpose-matrix/
A10: Matrix Traversal | B10: Game of Life | C10: Medium | D10: https://leetcode.com/problems/game-of-life/
A11: Matrix Traversal | B11: Matrix Diagonal Sum | C11: Easy | D11: https://leetcode.com/problems/matrix-diagonal-sum/

Sheet Modified Binary Search
A1: Pattern | B1: Problem | C1: Difficulty | D1: Link | E1: Tried | F1: Solved | G1: Notes
A2: Modified Binary Search | B2: Binary Search | C2: Easy | D2: https://leetcode.com/problems/binary-search/
A3: Modified Binary Search | B3: First Bad Version | C3: Easy | D3: https://leetcode.com/problems/first-bad-version/
A4: Modified Binary Search | B4: Search Insert Position | C4: Easy | D4: https://leetcode.com/problems/search-insert-position/
A5: Modified Binary Search | B5: Find Peak Element | C5: Medium | D5: https://leetcode.com/problems/find-peak-element/
A6: Modified Binary Search | B6: Search in Rotated Sorted Array | C6: Medium | D6: https://leetcode.com/problems/search-in-rotated-sorted-array/
A7: Modified Binary Search | B7: Search in Rotated Sorted Array II | C7: Medium | D7: https://leetcode.com/problems/search-in-rotated-sorted-array-ii/
A8: Modified Binary Search | B8: Koko Eating Bananas | C8: Medium | D8: https://leetcode.com/problems/koko-eating-bananas/
A9: Modified Binary Search | B9: Capacity To Ship Packages Within D Days | C9: Medium | D9: https://leetcode.com/problems/capacity-to-ship-packages-within-d-days/
A10: Modified Binary Search | B10: Find Minimum in Rotated Sorted Array | C10: Medium | D10: https://leetcode.com/problems/find-minimum-in-rotated-sorted-array/
A11: Modified Binary Search | B11: Single Element in a Sorted Array | C11: Medium | D11: https://leetcode.com/problems/single-element-in-a-sorted-array/

Sheet Monotonic Stack
A1: Pattern | B1: Problem | C1: Difficulty | D1: Link | E1: Tried | F1: Solved | G1: Notes
A2: Monotonic Stack | B2: Next Greater Element I | C2: Easy | D2: https://leetcode.com/problems/next-greater-element-i/
A3: Monotonic Stack | B3: Next Greater Element II | C3: Medium | D3: https://leetcode.com/problems/next-greater-element-ii/
A4: Monotonic Stack | B4: Daily Temperatures | C4: Medium | D4: https://leetcode.com/problems/daily-temperatures/
A5: Monotonic Stack | B5: Min Stack | C5: Medium | D5: https://leetcode.com/problems/min-stack/
A6: Monotonic Stack | B6: Remove K Digits | C6: Medium | D6: https://leetcode.com/problems/remove-k-digits/
A7: Monotonic Stack | B7: Asteroid Collision | C7: Medium | D7: https://leetcode.com/problems/asteroid-collision/
A8: Monotonic Stack | B8: Final Prices With a Special Discount in a Shop | C8: Easy | D8: https://leetcode.com/problems/final-prices-with-a-special-discount-in-a-shop/
A9: Monotonic Stack | B9: Sum of Subarray Minimums | C9: Medium | D9: https://leetcode.com/problems/sum-of-subarray-minimums/
A10: Monotonic Stack | B10: Online Stock Span | C10: Medium | D10: https://leetcode.com/problems/online-stock-span/
A11: Monotonic Stack | B11: Next Greater Node In Linked List | C11: Medium | D11: https://leetcode.com/problems/next-greater-node-in-linked-list/

Sheet Overlapping Intervals
A1: Pattern | B1: Problem | C1: Difficulty | D1: Link | E1: Tried | F1: Solved | G1: Notes
A2: Overlapping Intervals | B2: Merge Intervals | C2: Medium | D2: https://leetcode.com/problems/merge-intervals/
A3: Overlapping Intervals | B3: Insert Interval | C3: Medium | D3: https://leetcode.com/problems/insert-interval/
A4: Overlapping Intervals | B4: Non-overlapping Intervals | C4: Medium | D4: https://leetcode.com/problems/non-overlapping-intervals/
A5: Overlapping Intervals | B5: Minimum Number of Arrows to Burst Balloons | C5: Medium | D5: https://leetcode.com/problems/minimum-number-of-arrows-to-burst-balloons/
A6: Overlapping Intervals | B6: Interval List Intersections | C6: Easy | D6: https://leetcode.com/problems/interval-list-intersections/
A7: Overlapping Intervals | B7: Remove Covered Intervals | C7: Medium | D7: https://leetcode.com/problems/remove-covered-intervals/
A8: Overlapping Intervals | B8: Find Right Interval | C8: Medium | D8: https://leetcode.com/problems/find-right-interval/
A9: Overlapping Intervals | B9: Teemo Attacking | C9: Easy | D9: https://leetcode.com/problems/teemo-attacking/
A10: Overlapping Intervals | B10: Video Stitching | C10: Medium | D10: https://leetcode.com/problems/video-stitching/
A11: Overlapping Intervals | B11: Car Pooling | C11: Medium | D11: https://leetcode.com/problems/car-pooling/

Sheet Prefix Sum
A1: Pattern | B1: Problem | C1: Difficulty | D1: Link | E1: Tried | F1: Solved | G1: Notes
A2: Prefix Sum | B2: Range Sum Query - Immutable | C2: Easy | D2: https://leetcode.com/problems/range-sum-query-immutable/
A3: Prefix Sum | B3: Subarray Sum Equals K | C3: Medium | D3: https://leetcode.com/problems/subarray-sum-equals-k/
A4: Prefix Sum | B4: Find Pivot Index | C4: Easy | D4: https://leetcode.com/problems/find-pivot-index/
A5: Prefix Sum | B5: Minimum Value to Get Positive Step by Step Sum | C5: Easy | D5: https://leetcode.com/problems/minimum-value-to-get-positive-step-by-step-sum/
A6: Prefix Sum | B6: Maximum Average Subarray I | C6: Easy | D6: https://leetcode.com/problems/maximum-average-subarray-i/
A7: Prefix Sum | B7: Contiguous Array | C7: Medium | D7: https://leetcode.com/problems/contiguous-array/
A8: Prefix Sum | B8: Find the Middle Index in Array | C8: Easy | D8: https://leetcode.com/problems/find-the-middle-index-in-array/
A9: Prefix Sum | B9: Running Sum of 1d Array | C9: Easy | D9: https://leetcode.com/problems/running-sum-of-1d-array/
A10: Prefix Sum | B10: Sum of All Odd Length Subarrays | C10: Easy | D10: https://leetcode.com/problems/sum-of-all-odd-length-subarrays/
A11: Prefix Sum | B11: Binary Subarrays With Sum | C11: Medium | D11: https://leetcode.com/problems/binary-subarrays-with-sum/

Sheet Sliding Window
A1: Pattern | B1: Problem | C1: Difficulty | D1: Problem | E1: Link | F1: Tried | G1: Solved | H1: Notes
A2: Sliding Window | B2: Longest Substring Without Repeating Characters | C2: Medium | D2: Longest Substring Without Repeating Characters | E2: https://leetcode.com/problems/longest-substring-without-repeating-characters/
A3: Sliding Window | B3: Minimum Size Subarray Sum | C3: Medium | D3: Minimum Size Subarray Sum | E3: https://leetcode.com/problems/minimum-size-subarray-sum/
A4: Sliding Window | B4: Permutation in String | C4: Medium | D4: Permutation in String | E4: https://leetcode.com/problems/permutation-in-string/
A5: Sliding Window | B5: Longest Repeating Character Replacement | C5: Medium | D5: Longest Repeating Character Replacement | E5: https://leetcode.com/problems/longest-repeating-character-replacement/
A6: Sliding Window | B6: Grumpy Bookstore Owner | C6: Medium | D6: Grumpy Bookstore Owner | E6: https://leetcode.com/problems/grumpy-bookstore-owner/
A7: Sliding Window | B7: Longest Subarray of 1's After Deleting One Element | C7: Medium | D7: Longest Subarray of 1's After Deleting One Element | E7: https://leetcode.com/problems/longest-subarray-of-1s-after-deleting-one-element/
A8: Sliding Window | B8: Max Consecutive Ones III | C8: Medium | D8: Max Consecutive Ones III | E8: https://leetcode.com/problems/max-consecutive-ones-iii/
A9: Sliding Window | B9: Find All Anagrams in a String | C9: Medium | D9: Find All Anagrams in a String | E9: https://leetcode.com/problems/find-all-anagrams-in-a-string/
A10: Sliding Window | B10: Subarray Product Less Than K | C10: Medium | D10: Subarray Product Less Than K | E10: https://leetcode.com/problems/subarray-product-less-than-k/
A11: Sliding Window | B11: Maximum Number of Vowels in a Substring of Given Length | C11: Medium | D11: Maximum Number of Vowels in a Substring of Given Length | E11: https://leetcode.com/problems/maximum-number-of-vowels-in-a-substring-of-given-length/

Sheet Top K Elements
A1: Pattern | B1: Problem | C1: Difficulty | D1: Link | E1: Tried | F1: Solved | G1: Notes
A2: Top K Elements | B2: Kth Largest Element in a Stream | C2: Easy | D2: https://leetcode.com/problems/kth-largest-element-in-a-stream/
A3: Top K Elements | B3: K Closest Points to Origin | C3: Medium | D3: https://leetcode.com/problems/k-closest-points-to-origin/
A4: Top K Elements | B4: Top K Frequent Elements | C4: Medium | D4: https://leetcode.com/problems/top-k-frequent-elements/
A5: Top K Elements | B5: Kth Largest Element in an Array | C5: Medium | D5: https://leetcode.com/problems/kth-largest-element-in-an-array/
A6: Top K Elements | B6: Find K Pairs with Smallest Sums | C6: Medium | D6: https://leetcode.com/problems/find-k-pairs-with-smallest-sums/
A7: Top K Elements | B7: Sort Characters By Frequency | C7: Medium | D7: https://leetcode.com/problems/sort-characters-by-frequency/
A8: Top K Elements | B8: Last Stone Weight | C8: Easy | D8: https://leetcode.com/problems/last-stone-weight/
A9: Top K Elements | B9: Kth Smallest Element in a Sorted Matrix | C9: Medium | D9: https://leetcode.com/problems/kth-smallest-element-in-a-sorted-matrix/
A10: Top K Elements | B10: Find K Closest Elements | C10: Medium | D10: https://leetcode.com/problems/find-k-closest-elements/
A11: Top K Elements | B11: Reorganize String | C11: Medium | D11: https://leetcode.com/problems/reorganize-string/

Sheet Two Pointers
A1: Pattern | B1: Problem | C1: Difficulty | D1: Link | E1: Tried | F1: Solved | G1: Notes
A2: Two Pointers | B2: Two Sum II - Input array is sorted | C2: Medium | D2: https://leetcode.com/problems/two-sum-ii-input-array-is-sorted/
A3: Two Pointers | B3: 3Sum | C3: Medium | D3: https://leetcode.com/problems/3sum/
A4: Two Pointers | B4: Merge Sorted Array | C4: Easy | D4: https://leetcode.com/problems/merge-sorted-array/
A5: Two Pointers | B5: Remove Duplicates from Sorted Array | C5: Easy | D5: https://leetcode.com/problems/remove-duplicates-from-sorted-array/
A6: Two Pointers | B6: Remove Duplicates from Sorted Array II | C6: Medium | D6: https://leetcode.com/problems/remove-duplicates-from-sorted-array-ii/
A7: Two Pointers | B7: Valid Palindrome | C7: Easy | D7: https://leetcode.com/problems/valid-palindrome/
A8: Two Pointers | B8: Squares of a Sorted Array | C8: Easy | D8: https://leetcode.com/problems/squares-of-a-sorted-array/
A9: Two Pointers | B9: Sort Colors | C9: Medium | D9: https://leetcode.com/problems/sort-colors/
A10: Two Pointers | B10: Reverse String | C10: Easy | D10: https://leetcode.com/problems/reverse-string/
A11: Two Pointers | B11: Container With Most Water | C11: Medium | D11: https://leetcode.com/problems/container-with-most-water/

Sheet 30-Day Plan
A1: Day | B1: Pattern | C1: Problem | D1: Difficulty | E1: Link | F1: Tried | G1: Solved | H1: Notes
A2: 1 | B2: Backtracking | C2: Subsets | D2: Medium | E2: https://leetcode.com/problems/subsets/ | F2: Yes | G2: Yes
A3: 1 | B3: Backtracking | C3: Subsets II | D3: Medium | E3: https://leetcode.com/problems/subsets-ii/ | F3: Yes
A4: 1 | B4: Backtracking | C4: Permutations | D4: Medium | E4: https://leetcode.com/problems/permutations/ | F4: Yes
A5: 1 | B5: Backtracking | C5: Permutations II | D5: Medium | E5: https://leetcode.com/problems/permutations-ii/ | F5: Yes
A6: 1 | B6: Backtracking | C6: Combination Sum | D6: Medium | E6: https://leetcode.com/problems/combination-sum/ | F6: Yes
A7: 2 | B7: Backtracking | C7: Combination Sum II | D7: Medium | E7: https://leetcode.com/problems/combination-sum-ii/ | F7: Yes
A8: 2 | B8: Backtracking | C8: Letter Combinations of a Phone Number | D8: Medium | E8: https://leetcode.com/problems/letter-combinations-of-a-phone-number/ | F8: Yes
A9: 2 | B9: Backtracking | C9: Combinations | D9: Medium | E9: https://leetcode.com/problems/combinations/ | F9: Yes
A10: 2 | B10: Backtracking | C10: Generate Parentheses | D10: Medium | E10: https://leetcode.com/problems/generate-parentheses/ | F10: Yes
A11: 2 | B11: Backtracking | C11: Word Search | D11: Medium | E11: https://leetcode.com/problems/word-search/ | F11: Yes
A12: 3 | B12: Binary Tree Traversal | C12: Binary Tree Inorder Traversal | D12: Easy | E12: https://leetcode.com/problems/binary-tree-inorder-traversal/ | F12: Yes
A13: 3 | B13: Binary Tree Traversal | C13: Binary Tree Preorder Traversal | D13: Easy | E13: https://leetcode.com/problems/binary-tree-preorder-traversal/ | F13: Yes
A14: 3 | B14: Binary Tree Traversal | C14: Binary Tree Postorder Traversal | D14: Easy | E14: https://leetcode.com/problems/binary-tree-postorder-traversal/ | F14: Yes
... A61: 12 | B61: Fast & Slow Pointers | C61: Maximum Twin Sum of a Linked List | D61: Medium | E61: https://leetcode.com/problems/maximum-twin-sum-of-a-linked-list/ | F61: Yes
A62: 13 | B62: LinkedList In-place Reversal | C62: Reverse Linked List | D62: Easy | E62: https://leetcode.com/problems/reverse-linked-list/
A63: 13 | B63: LinkedList In-place Reversal | C63: Reverse Linked List II | D63: Medium | E63: https://leetcode.com/problems/reverse-linked-list-ii/
A64: 13 | B64: LinkedList In-place Reversal | C64: Swap Nodes in Pairs | D64: Medium | E64: https://leetcode.com/problems/swap-nodes-in-pairs/
A65: 13 | B65: LinkedList In-place Reversal | C65: Rotate List | D65: Medium | E65: https://leetcode.com/problems/rotate-list/
A66: 13 | B66: LinkedList In-place Reversal | C66: Odd Even Linked List | D66: Medium | E66: https://leetcode.com/problems/odd-even-linked-list/
A67: 14 | B67: LinkedList In-place Reversal | C67: Partition List | D67: Medium | E67: https://leetcode.com/problems/partition-list/
A68: 14 | B68: LinkedList In-place Reversal | C68: Reverse Nodes in Even Length Groups | D68: Medium | E68: https://leetcode.com/problems/reverse-nodes-in-even-length-groups/
A69: 14 | B69: LinkedList In-place Reversal | C69: Swapping Nodes in a Linked List | D69: Medium | E69: https://leetcode.com/problems/swapping-nodes-in-a-linked-list/
A70: 14 | B70: LinkedList In-place Reversal | C70: Flatten a Multilevel Doubly Linked List | D70: Medium | E70: https://leetcode.com/problems/flatten-a-multilevel-doubly-linked-list/
A71: 14 | B71: LinkedList In-place Reversal | C71: Split Linked List in Parts | D71: Medium | E71: https://leetcode.com/problems/split-linked-list-in-parts/
A72: 15 | B72: Matrix Traversal | C72: Spiral Matrix | D72: Medium | E72: https://leetcode.com/problems/spiral-matrix/
A73: 15 | B73: Matrix Traversal | C73: Spiral Matrix II | D73: Medium | E73: https://leetcode.com/problems/spiral-matrix-ii/
... A151: 30 | B151: Two Pointers | C151: Container With Most Water | D151: Medium | E151: https://leetcode.com/problems/container-with-most-water/

Sheet Data_All
A1: Pattern | B1: Problem | C1: Difficulty | D1: Link | E1: Tried | F1: Solved
A2: Backtracking | B2: Subsets | C2: Medium | D2: https://leetcode.com/problems/subsets/
A3: Backtracking | B3: Subsets II | C3: Medium | D3: https://leetcode.com/problems/subsets-ii/
A4: Backtracking | B4: Permutations | C4: Medium | D4: https://leetcode.com/problems/permutations/
A5: Backtracking | B5: Permutations II | C5: Medium | D5: https://leetcode.com/problems/permutations-ii/
A6: Backtracking | B6: Combination Sum | C6: Medium | D6: https://leetcode.com/problems/combination-sum/
A7: Backtracking | B7: Combination Sum II | C7: Medium | D7: https://leetcode.com/problems/combination-sum-ii/
A8: Backtracking | B8: Letter Combinations of a Phone Number | C8: Medium | D8: https://leetcode.com/problems/letter-combinations-of-a-phone-number/
A9: Backtracking | B9: Combinations | C9: Medium | D9: https://leetcode.com/problems/combinations/
A10: Backtracking | B10: Generate Parentheses | C10: Medium | D10: https://leetcode.com/problems/generate-parentheses/
A11: Backtracking | B11: Word Search | C11: Medium | D11: https://leetcode.com/problems/word-search/
A12: Binary Tree Traversal | B12: Binary Tree Inorder Traversal | C12: Easy | D12: https://leetcode.com/problems/binary-tree-inorder-traversal/
A13: Binary Tree Traversal | B13: Binary Tree Preorder Traversal | C13: Easy | D13: https://leetcode.com/problems/binary-tree-preorder-traversal/
... A151: Two Pointers | B151: Container With Most Water | C151: Medium | D151: https://leetcode.com/problems/container-with-most-water/
